model,provider,real,task,sample_id,repetition,question_id,qtype,label,prediction,correct,prob_true,confidence,valid,latency_ms,input_tokens,output_tokens,cost_usd,n_retries,malformed_retries,error,probabilities
jev (typesafe),typesafe,True,churn_likelihood,churn_001,0,churn_risk,score,0,1,False,0.44,0.63,True,676.6798900207505,463,20,1.9446e-05,0,0,,"{""0"": 0.44, ""1"": 0.56, ""2"": 0.0, ""3"": 0.0, ""4"": 0.0}"
jev (typesafe),typesafe,True,churn_likelihood,churn_001,1,churn_risk,score,0,1,False,0.41,0.65,True,770.1681150356308,463,20,1.9446e-05,0,0,,"{""0"": 0.41, ""1"": 0.58, ""2"": 0.01, ""3"": 0.0, ""4"": 0.0}"
jev (typesafe),typesafe,True,churn_likelihood,churn_001,2,churn_risk,score,0,1,False,0.36,0.69,True,631.2868290115148,463,20,1.9446e-05,0,0,,"{""0"": 0.36, ""1"": 0.63, ""2"": 0.01, ""3"": 0.0, ""4"": 0.0}"
jev (typesafe),typesafe,True,churn_likelihood,churn_002,0,churn_risk,score,2,2,True,0.77,0.8,True,784.5036489889026,462,20,1.9404e-05,0,0,,"{""0"": 0.0, ""1"": 0.0, ""2"": 0.77, ""3"": 0.23, ""4"": 0.0}"
jev (typesafe),typesafe,True,churn_likelihood,churn_002,1,churn_risk,score,2,2,True,0.76,0.79,True,656.7092179320753,462,20,1.9404e-05,0,0,,"{""0"": 0.0, ""1"": 0.0, ""2"": 0.76, ""3"": 0.24, ""4"": 0.0}"
jev (typesafe),typesafe,True,churn_likelihood,churn_002,2,churn_risk,score,2,2,True,0.81,0.84,True,639.3841449171305,462,20,1.9404e-05,0,0,,"{""0"": 0.0, ""1"": 0.01, ""2"": 0.81, ""3"": 0.18, ""4"": 0.0}"
jev (typesafe),typesafe,True,churn_likelihood,churn_003,0,churn_risk,score,4,4,True,0.84,0.86,True,755.3313210373744,466,20,1.9572e-05,0,0,,"{""0"": 0.0, ""1"": 0.0, ""2"": 0.0, ""3"": 0.16, ""4"": 0.84}"
jev (typesafe),typesafe,True,churn_likelihood,churn_003,1,churn_risk,score,4,4,True,0.85,0.88,True,650.8218009257689,466,20,1.9572e-05,0,0,,"{""0"": 0.0, ""1"": 0.0, ""2"": 0.0, ""3"": 0.15, ""4"": 0.85}"
jev (typesafe),typesafe,True,churn_likelihood,churn_003,2,churn_risk,score,4,4,True,0.88,0.9,True,704.9338950309902,466,20,1.9572e-05,0,0,,"{""0"": 0.0, ""1"": 0.0, ""2"": 0.0, ""3"": 0.12, ""4"": 0.88}"
jev (typesafe),typesafe,True,churn_likelihood,churn_004,0,churn_risk,score,2,2,True,0.64,0.7,True,989.1084739938378,462,20,1.9404e-05,0,0,,"{""0"": 0.0, ""1"": 0.3, ""2"": 0.64, ""3"": 0.06, ""4"": 0.0}"
jev (typesafe),typesafe,True,churn_likelihood,churn_004,1,churn_risk,score,2,2,True,0.63,0.69,True,650.732783949934,462,20,1.9404e-05,0,0,,"{""0"": 0.0, ""1"": 0.31, ""2"": 0.63, ""3"": 0.06, ""4"": 0.0}"
jev (typesafe),typesafe,True,churn_likelihood,churn_004,2,churn_risk,score,2,2,True,0.67,0.72,True,619.4451940245926,462,20,1.9404e-05,0,0,,"{""0"": 0.0, ""1"": 0.27, ""2"": 0.67, ""3"": 0.06, ""4"": 0.0}"
jev (typesafe),typesafe,True,churn_likelihood,churn_005,0,churn_risk,score,0,0,True,0.59,0.65,True,643.036050023511,468,20,1.9656000000000003e-05,0,0,,"{""0"": 0.59, ""1"": 0.41, ""2"": 0.0, ""3"": 0.0, ""4"": 0.0}"
jev (typesafe),typesafe,True,churn_likelihood,churn_005,1,churn_risk,score,0,0,True,0.64,0.7,True,706.2307220185176,468,20,1.9656000000000003e-05,0,0,,"{""0"": 0.64, ""1"": 0.36, ""2"": 0.0, ""3"": 0.0, ""4"": 0.0}"
jev (typesafe),typesafe,True,churn_likelihood,churn_005,2,churn_risk,score,0,0,True,0.6,0.66,True,747.8741379454732,468,20,1.9656000000000003e-05,0,0,,"{""0"": 0.6, ""1"": 0.4, ""2"": 0.0, ""3"": 0.0, ""4"": 0.0}"
jev (typesafe),typesafe,True,churn_likelihood,churn_006,0,churn_risk,score,3,3,True,0.86,0.88,True,638.8683270197362,471,20,1.9782e-05,0,0,,"{""0"": 0.0, ""1"": 0.0, ""2"": 0.0, ""3"": 0.86, ""4"": 0.14}"
jev (typesafe),typesafe,True,churn_likelihood,churn_006,1,churn_risk,score,3,3,True,0.9,0.91,True,664.5905070472509,471,20,1.9782e-05,0,0,,"{""0"": 0.0, ""1"": 0.0, ""2"": 0.0, ""3"": 0.9, ""4"": 0.1}"
jev (typesafe),typesafe,True,churn_likelihood,churn_006,2,churn_risk,score,3,3,True,0.86,0.88,True,651.4531349530444,471,20,1.9782e-05,0,0,,"{""0"": 0.0, ""1"": 0.0, ""2"": 0.0, ""3"": 0.86, ""4"": 0.14}"
jev (typesafe),typesafe,True,churn_likelihood,churn_007,0,churn_risk,score,3,3,True,0.78,0.81,True,685.2973500499502,461,20,1.9362000000000002e-05,0,0,,"{""0"": 0.0, ""1"": 0.0, ""2"": 0.0, ""3"": 0.78, ""4"": 0.22}"
jev (typesafe),typesafe,True,churn_likelihood,churn_007,1,churn_risk,score,3,3,True,0.8,0.83,True,592.9614920169115,461,20,1.9362000000000002e-05,0,0,,"{""0"": 0.0, ""1"": 0.0, ""2"": 0.0, ""3"": 0.8, ""4"": 0.2}"
jev (typesafe),typesafe,True,churn_likelihood,churn_007,2,churn_risk,score,3,3,True,0.81,0.84,True,674.4744069874287,461,20,1.9362000000000002e-05,0,0,,"{""0"": 0.0, ""1"": 0.0, ""2"": 0.0, ""3"": 0.81, ""4"": 0.19}"
jev (typesafe),typesafe,True,churn_likelihood,churn_008,0,churn_risk,score,1,0,False,0.03,0.97,True,625.8118760306388,461,20,1.9362000000000002e-05,0,0,,"{""0"": 0.97, ""1"": 0.03, ""2"": 0.0, ""3"": 0.0, ""4"": 0.0}"
jev (typesafe),typesafe,True,churn_likelihood,churn_008,1,churn_risk,score,1,0,False,0.02,0.98,True,736.4128889748827,461,20,1.9362000000000002e-05,0,0,,"{""0"": 0.98, ""1"": 0.02, ""2"": 0.0, ""3"": 0.0, ""4"": 0.0}"
jev (typesafe),typesafe,True,churn_likelihood,churn_008,2,churn_risk,score,1,0,False,0.02,0.98,True,599.3789039785042,461,20,1.9362000000000002e-05,0,0,,"{""0"": 0.98, ""1"": 0.02, ""2"": 0.0, ""3"": 0.0, ""4"": 0.0}"
jev (typesafe),typesafe,True,churn_likelihood,churn_009,0,churn_risk,score,4,4,True,1.0,1.0,True,650.7675809552893,473,20,1.9866e-05,0,0,,"{""0"": 0.0, ""1"": 0.0, ""2"": 0.0, ""3"": 0.0, ""4"": 1.0}"
jev (typesafe),typesafe,True,churn_likelihood,churn_009,1,churn_risk,score,4,4,True,1.0,1.0,True,739.7767780348659,473,20,1.9866e-05,0,0,,"{""0"": 0.0, ""1"": 0.0, ""2"": 0.0, ""3"": 0.0, ""4"": 1.0}"
jev (typesafe),typesafe,True,churn_likelihood,churn_009,2,churn_risk,score,4,4,True,1.0,1.0,True,673.6678049201146,473,20,1.9866e-05,0,0,,"{""0"": 0.0, ""1"": 0.0, ""2"": 0.0, ""3"": 0.0, ""4"": 1.0}"
jev (typesafe),typesafe,True,churn_likelihood,churn_010,0,churn_risk,score,0,0,True,1.0,1.0,True,756.3604699680582,464,20,1.9488e-05,0,0,,"{""0"": 1.0, ""1"": 0.0, ""2"": 0.0, ""3"": 0.0, ""4"": 0.0}"
jev (typesafe),typesafe,True,churn_likelihood,churn_010,1,churn_risk,score,0,0,True,1.0,1.0,True,715.4064589412883,464,20,1.9488e-05,0,0,,"{""0"": 1.0, ""1"": 0.0, ""2"": 0.0, ""3"": 0.0, ""4"": 0.0}"
jev (typesafe),typesafe,True,churn_likelihood,churn_010,2,churn_risk,score,0,0,True,1.0,1.0,True,715.7457349821925,464,20,1.9488e-05,0,0,,"{""0"": 1.0, ""1"": 0.0, ""2"": 0.0, ""3"": 0.0, ""4"": 0.0}"
jev (typesafe),typesafe,True,churn_likelihood,churn_011,0,churn_risk,score,4,3,False,0.39,0.67,True,603.5364338895306,464,20,1.9488e-05,0,0,,"{""0"": 0.0, ""1"": 0.0, ""2"": 0.0, ""3"": 0.61, ""4"": 0.39}"
jev (typesafe),typesafe,True,churn_likelihood,churn_011,1,churn_risk,score,4,3,False,0.4,0.67,True,828.871208941564,464,20,1.9488e-05,0,0,,"{""0"": 0.0, ""1"": 0.0, ""2"": 0.0, ""3"": 0.6, ""4"": 0.4}"
jev (typesafe),typesafe,True,churn_likelihood,churn_011,2,churn_risk,score,4,3,False,0.43,0.64,True,635.8726439066231,464,20,1.9488e-05,0,0,,"{""0"": 0.0, ""1"": 0.0, ""2"": 0.0, ""3"": 0.57, ""4"": 0.43}"
jev (typesafe),typesafe,True,churn_likelihood,churn_012,0,churn_risk,score,1,2,False,0.26,0.78,True,671.1900350637734,462,20,1.9404e-05,0,0,,"{""0"": 0.0, ""1"": 0.26, ""2"": 0.74, ""3"": 0.0, ""4"": 0.0}"
jev (typesafe),typesafe,True,churn_likelihood,churn_012,1,churn_risk,score,1,2,False,0.26,0.78,True,978.8644278887659,462,20,1.9404e-05,0,0,,"{""0"": 0.0, ""1"": 0.26, ""2"": 0.74, ""3"": 0.0, ""4"": 0.0}"
jev (typesafe),typesafe,True,churn_likelihood,churn_012,2,churn_risk,score,1,2,False,0.24,0.8,True,631.5129310823977,462,20,1.9404e-05,0,0,,"{""0"": 0.0, ""1"": 0.24, ""2"": 0.76, ""3"": 0.0, ""4"": 0.0}"
jev (typesafe),typesafe,True,content_moderation,mod_001,0,should_block,noul,no,no,True,0.97,0.97,True,614.9527030065656,381,34,1.6002000000000004e-05,0,0,,"{""no"": 0.97, ""yes"": 0.03}"
jev (typesafe),typesafe,True,content_moderation,mod_001,0,severity,score,,0,,,1.0,True,614.9527030065656,381,34,1.6002000000000004e-05,0,0,,"{""0"": 1.0, ""1"": 0.0, ""2"": 0.0, ""3"": 0.0}"
jev (typesafe),typesafe,True,content_moderation,mod_001,1,should_block,noul,no,no,True,0.98,0.98,True,655.0911620724946,381,34,1.6002000000000004e-05,0,0,,"{""no"": 0.98, ""yes"": 0.02}"
jev (typesafe),typesafe,True,content_moderation,mod_001,1,severity,score,,0,,,1.0,True,655.0911620724946,381,34,1.6002000000000004e-05,0,0,,"{""0"": 1.0, ""1"": 0.0, ""2"": 0.0, ""3"": 0.0}"
jev (typesafe),typesafe,True,content_moderation,mod_001,2,should_block,noul,no,no,True,0.97,0.97,True,607.1368739940226,381,34,1.6002000000000004e-05,0,0,,"{""no"": 0.97, ""yes"": 0.03}"
jev (typesafe),typesafe,True,content_moderation,mod_001,2,severity,score,,0,,,1.0,True,607.1368739940226,381,34,1.6002000000000004e-05,0,0,,"{""0"": 1.0, ""1"": 0.0, ""2"": 0.0, ""3"": 0.0}"
jev (typesafe),typesafe,True,content_moderation,mod_002,0,should_block,noul,yes,yes,True,0.98,0.98,True,672.0294980332255,379,34,1.5918000000000002e-05,0,0,,"{""no"": 0.020000000000000018, ""yes"": 0.98}"
jev (typesafe),typesafe,True,content_moderation,mod_002,0,severity,score,,3,,,1.0,True,672.0294980332255,379,34,1.5918000000000002e-05,0,0,,"{""0"": 0.0, ""1"": 0.0, ""2"": 0.0, ""3"": 1.0}"
jev (typesafe),typesafe,True,content_moderation,mod_002,1,should_block,noul,yes,yes,True,0.98,0.98,True,712.6894019311294,379,34,1.5918000000000002e-05,0,0,,"{""no"": 0.020000000000000018, ""yes"": 0.98}"
jev (typesafe),typesafe,True,content_moderation,mod_002,1,severity,score,,3,,,1.0,True,712.6894019311294,379,34,1.5918000000000002e-05,0,0,,"{""0"": 0.0, ""1"": 0.0, ""2"": 0.0, ""3"": 1.0}"
jev (typesafe),typesafe,True,content_moderation,mod_002,2,should_block,noul,yes,yes,True,0.98,0.98,True,688.520448980853,379,34,1.5918000000000002e-05,0,0,,"{""no"": 0.020000000000000018, ""yes"": 0.98}"
jev (typesafe),typesafe,True,content_moderation,mod_002,2,severity,score,,3,,,1.0,True,688.520448980853,379,34,1.5918000000000002e-05,0,0,,"{""0"": 0.0, ""1"": 0.0, ""2"": 0.0, ""3"": 1.0}"
jev (typesafe),typesafe,True,content_moderation,mod_003,0,should_block,noul,no,no,True,0.96,0.96,True,687.4615770066157,390,34,1.6380000000000002e-05,0,0,,"{""no"": 0.96, ""yes"": 0.04}"
jev (typesafe),typesafe,True,content_moderation,mod_003,0,severity,score,,0,,,0.81,True,687.4615770066157,390,34,1.6380000000000002e-05,0,0,,"{""0"": 0.81, ""1"": 0.16, ""2"": 0.03, ""3"": 0.0}"
jev (typesafe),typesafe,True,content_moderation,mod_003,1,should_block,noul,no,no,True,0.95,0.95,True,686.0897310543805,390,34,1.6380000000000002e-05,0,0,,"{""no"": 0.95, ""yes"": 0.05}"
jev (typesafe),typesafe,True,content_moderation,mod_003,1,severity,score,,0,,,0.84,True,686.0897310543805,390,34,1.6380000000000002e-05,0,0,,"{""0"": 0.84, ""1"": 0.13, ""2"": 0.03, ""3"": 0.0}"
jev (typesafe),typesafe,True,content_moderation,mod_003,2,should_block,noul,no,no,True,0.96,0.96,True,646.8824449693784,390,34,1.6380000000000002e-05,0,0,,"{""no"": 0.96, ""yes"": 0.04}"
jev (typesafe),typesafe,True,content_moderation,mod_003,2,severity,score,,0,,,0.82,True,646.8824449693784,390,34,1.6380000000000002e-05,0,0,,"{""0"": 0.82, ""1"": 0.15, ""2"": 0.03, ""3"": 0.0}"
jev (typesafe),typesafe,True,content_moderation,mod_004,0,should_block,noul,yes,yes,True,0.92,0.92,True,727.6787490118295,387,34,1.6254e-05,0,0,,"{""no"": 0.07999999999999996, ""yes"": 0.92}"
jev (typesafe),typesafe,True,content_moderation,mod_004,0,severity,score,,3,,,0.85,True,727.6787490118295,387,34,1.6254e-05,0,0,,"{""0"": 0.0, ""1"": 0.0, ""2"": 0.15, ""3"": 0.85}"
jev (typesafe),typesafe,True,content_moderation,mod_004,1,should_block,noul,yes,yes,True,0.92,0.92,True,720.566411036998,387,34,1.6254e-05,0,0,,"{""no"": 0.07999999999999996, ""yes"": 0.92}"
jev (typesafe),typesafe,True,content_moderation,mod_004,1,severity,score,,3,,,0.85,True,720.566411036998,387,34,1.6254e-05,0,0,,"{""0"": 0.0, ""1"": 0.0, ""2"": 0.15, ""3"": 0.85}"
jev (typesafe),typesafe,True,content_moderation,mod_004,2,should_block,noul,yes,yes,True,0.92,0.92,True,685.4800870642066,387,34,1.6254e-05,0,0,,"{""no"": 0.07999999999999996, ""yes"": 0.92}"
jev (typesafe),typesafe,True,content_moderation,mod_004,2,severity,score,,3,,,0.85,True,685.4800870642066,387,34,1.6254e-05,0,0,,"{""0"": 0.0, ""1"": 0.0, ""2"": 0.15, ""3"": 0.85}"
jev (typesafe),typesafe,True,content_moderation,mod_005,0,should_block,noul,no,no,True,0.97,0.97,True,686.4191769855097,385,34,1.6170000000000003e-05,0,0,,"{""no"": 0.97, ""yes"": 0.03}"
jev (typesafe),typesafe,True,content_moderation,mod_005,0,severity,score,,0,,,1.0,True,686.4191769855097,385,34,1.6170000000000003e-05,0,0,,"{""0"": 1.0, ""1"": 0.0, ""2"": 0.0, ""3"": 0.0}"
jev (typesafe),typesafe,True,content_moderation,mod_005,1,should_block,noul,no,no,True,0.97,0.97,True,626.8976960564032,385,34,1.6170000000000003e-05,0,0,,"{""no"": 0.97, ""yes"": 0.03}"
jev (typesafe),typesafe,True,content_moderation,mod_005,1,severity,score,,0,,,1.0,True,626.8976960564032,385,34,1.6170000000000003e-05,0,0,,"{""0"": 1.0, ""1"": 0.0, ""2"": 0.0, ""3"": 0.0}"
jev (typesafe),typesafe,True,content_moderation,mod_005,2,should_block,noul,no,no,True,0.97,0.97,True,624.3345270631835,385,34,1.6170000000000003e-05,0,0,,"{""no"": 0.97, ""yes"": 0.03}"
jev (typesafe),typesafe,True,content_moderation,mod_005,2,severity,score,,0,,,1.0,True,624.3345270631835,385,34,1.6170000000000003e-05,0,0,,"{""0"": 1.0, ""1"": 0.0, ""2"": 0.0, ""3"": 0.0}"
jev (typesafe),typesafe,True,content_moderation,mod_006,0,should_block,noul,yes,yes,True,0.94,0.94,True,708.5010589798912,382,34,1.6044e-05,0,0,,"{""no"": 0.06000000000000005, ""yes"": 0.94}"
jev (typesafe),typesafe,True,content_moderation,mod_006,0,severity,score,,2,,,0.54,True,708.5010589798912,382,34,1.6044e-05,0,0,,"{""0"": 0.0, ""1"": 0.02, ""2"": 0.54, ""3"": 0.44}"
jev (typesafe),typesafe,True,content_moderation,mod_006,1,should_block,noul,yes,yes,True,0.94,0.94,True,670.0828459579498,382,34,1.6044e-05,0,0,,"{""no"": 0.06000000000000005, ""yes"": 0.94}"
jev (typesafe),typesafe,True,content_moderation,mod_006,1,severity,score,,2,,,0.53,True,670.0828459579498,382,34,1.6044e-05,0,0,,"{""0"": 0.0, ""1"": 0.02, ""2"": 0.53, ""3"": 0.45}"
jev (typesafe),typesafe,True,content_moderation,mod_006,2,should_block,noul,yes,yes,True,0.93,0.93,True,657.5506370281801,382,34,1.6044e-05,0,0,,"{""no"": 0.06999999999999995, ""yes"": 0.93}"
jev (typesafe),typesafe,True,content_moderation,mod_006,2,severity,score,,2,,,0.52,True,657.5506370281801,382,34,1.6044e-05,0,0,,"{""0"": 0.0, ""1"": 0.02, ""2"": 0.52, ""3"": 0.46}"
jev (typesafe),typesafe,True,content_moderation,mod_007,0,should_block,noul,yes,yes,True,0.94,0.94,True,938.2429319666699,384,34,1.6128e-05,0,0,,"{""no"": 0.06000000000000005, ""yes"": 0.94}"
jev (typesafe),typesafe,True,content_moderation,mod_007,0,severity,score,,3,,,0.9,True,938.2429319666699,384,34,1.6128e-05,0,0,,"{""0"": 0.0, ""1"": 0.0, ""2"": 0.1, ""3"": 0.9}"
jev (typesafe),typesafe,True,content_moderation,mod_007,1,should_block,noul,yes,yes,True,0.94,0.94,True,659.1328630456701,384,34,1.6128e-05,0,0,,"{""no"": 0.06000000000000005, ""yes"": 0.94}"
jev (typesafe),typesafe,True,content_moderation,mod_007,1,severity,score,,3,,,0.9,True,659.1328630456701,384,34,1.6128e-05,0,0,,"{""0"": 0.0, ""1"": 0.0, ""2"": 0.1, ""3"": 0.9}"
jev (typesafe),typesafe,True,content_moderation,mod_007,2,should_block,noul,yes,yes,True,0.94,0.94,True,623.8747909665108,384,34,1.6128e-05,0,0,,"{""no"": 0.06000000000000005, ""yes"": 0.94}"
jev (typesafe),typesafe,True,content_moderation,mod_007,2,severity,score,,3,,,0.9,True,623.8747909665108,384,34,1.6128e-05,0,0,,"{""0"": 0.0, ""1"": 0.0, ""2"": 0.1, ""3"": 0.9}"
jev (typesafe),typesafe,True,content_moderation,mod_008,0,should_block,noul,no,no,True,0.99,0.99,True,671.0115579189733,377,34,1.5834e-05,0,0,,"{""no"": 0.99, ""yes"": 0.01}"
jev (typesafe),typesafe,True,content_moderation,mod_008,0,severity,score,,0,,,1.0,True,671.0115579189733,377,34,1.5834e-05,0,0,,"{""0"": 1.0, ""1"": 0.0, ""2"": 0.0, ""3"": 0.0}"
jev (typesafe),typesafe,True,content_moderation,mod_008,1,should_block,noul,no,no,True,0.99,0.99,True,983.9002080261707,377,34,1.5834e-05,0,0,,"{""no"": 0.99, ""yes"": 0.01}"
jev (typesafe),typesafe,True,content_moderation,mod_008,1,severity,score,,0,,,1.0,True,983.9002080261707,377,34,1.5834e-05,0,0,,"{""0"": 1.0, ""1"": 0.0, ""2"": 0.0, ""3"": 0.0}"
jev (typesafe),typesafe,True,content_moderation,mod_008,2,should_block,noul,no,no,True,0.99,0.99,True,625.9298520162702,377,34,1.5834e-05,0,0,,"{""no"": 0.99, ""yes"": 0.01}"
jev (typesafe),typesafe,True,content_moderation,mod_008,2,severity,score,,0,,,1.0,True,625.9298520162702,377,34,1.5834e-05,0,0,,"{""0"": 1.0, ""1"": 0.0, ""2"": 0.0, ""3"": 0.0}"
jev (typesafe),typesafe,True,content_moderation,mod_009,0,should_block,noul,yes,yes,True,0.7,0.7,True,674.9125119531527,384,34,1.6128e-05,0,0,,"{""no"": 0.30000000000000004, ""yes"": 0.7}"
jev (typesafe),typesafe,True,content_moderation,mod_009,0,severity,score,,2,,,0.63,True,674.9125119531527,384,34,1.6128e-05,0,0,,"{""0"": 0.01, ""1"": 0.34, ""2"": 0.63, ""3"": 0.02}"
jev (typesafe),typesafe,True,content_moderation,mod_009,1,should_block,noul,yes,yes,True,0.72,0.72,True,761.10525499098,384,34,1.6128e-05,0,0,,"{""no"": 0.28, ""yes"": 0.72}"
jev (typesafe),typesafe,True,content_moderation,mod_009,1,severity,score,,2,,,0.57,True,761.10525499098,384,34,1.6128e-05,0,0,,"{""0"": 0.02, ""1"": 0.39, ""2"": 0.57, ""3"": 0.02}"
jev (typesafe),typesafe,True,content_moderation,mod_009,2,should_block,noul,yes,yes,True,0.72,0.72,True,640.8485780702904,384,34,1.6128e-05,0,0,,"{""no"": 0.28, ""yes"": 0.72}"
jev (typesafe),typesafe,True,content_moderation,mod_009,2,severity,score,,2,,,0.6,True,640.8485780702904,384,34,1.6128e-05,0,0,,"{""0"": 0.01, ""1"": 0.37, ""2"": 0.6, ""3"": 0.02}"
jev (typesafe),typesafe,True,content_moderation,mod_010,0,should_block,noul,no,no,True,0.97,0.97,True,663.4374839486554,380,34,1.596e-05,0,0,,"{""no"": 0.97, ""yes"": 0.03}"
jev (typesafe),typesafe,True,content_moderation,mod_010,0,severity,score,,0,,,1.0,True,663.4374839486554,380,34,1.596e-05,0,0,,"{""0"": 1.0, ""1"": 0.0, ""2"": 0.0, ""3"": 0.0}"
jev (typesafe),typesafe,True,content_moderation,mod_010,1,should_block,noul,no,no,True,0.97,0.97,True,695.4004160361364,380,34,1.596e-05,0,0,,"{""no"": 0.97, ""yes"": 0.03}"
jev (typesafe),typesafe,True,content_moderation,mod_010,1,severity,score,,0,,,0.99,True,695.4004160361364,380,34,1.596e-05,0,0,,"{""0"": 0.99, ""1"": 0.01, ""2"": 0.0, ""3"": 0.0}"
jev (typesafe),typesafe,True,content_moderation,mod_010,2,should_block,noul,no,no,True,0.97,0.97,True,685.9526310581714,380,34,1.596e-05,0,0,,"{""no"": 0.97, ""yes"": 0.03}"
jev (typesafe),typesafe,True,content_moderation,mod_010,2,severity,score,,0,,,0.99,True,685.9526310581714,380,34,1.596e-05,0,0,,"{""0"": 0.99, ""1"": 0.01, ""2"": 0.0, ""3"": 0.0}"
jev (typesafe),typesafe,True,content_moderation,mod_011,0,should_block,noul,yes,yes,True,0.96,0.96,True,673.5844620270655,387,34,1.6254e-05,0,0,,"{""no"": 0.040000000000000036, ""yes"": 0.96}"
jev (typesafe),typesafe,True,content_moderation,mod_011,0,severity,score,,3,,,0.98,True,673.5844620270655,387,34,1.6254e-05,0,0,,"{""0"": 0.0, ""1"": 0.0, ""2"": 0.02, ""3"": 0.98}"
jev (typesafe),typesafe,True,content_moderation,mod_011,1,should_block,noul,yes,yes,True,0.96,0.96,True,625.729875988327,387,34,1.6254e-05,0,0,,"{""no"": 0.040000000000000036, ""yes"": 0.96}"
jev (typesafe),typesafe,True,content_moderation,mod_011,1,severity,score,,3,,,0.98,True,625.729875988327,387,34,1.6254e-05,0,0,,"{""0"": 0.0, ""1"": 0.0, ""2"": 0.02, ""3"": 0.98}"
jev (typesafe),typesafe,True,content_moderation,mod_011,2,should_block,noul,yes,yes,True,0.96,0.96,True,676.6763350460678,387,34,1.6254e-05,0,0,,"{""no"": 0.040000000000000036, ""yes"": 0.96}"
jev (typesafe),typesafe,True,content_moderation,mod_011,2,severity,score,,3,,,0.98,True,676.6763350460678,387,34,1.6254e-05,0,0,,"{""0"": 0.0, ""1"": 0.0, ""2"": 0.02, ""3"": 0.98}"
jev (typesafe),typesafe,True,content_moderation,mod_012,0,should_block,noul,no,no,True,0.97,0.97,True,709.574047010392,379,34,1.5918000000000002e-05,0,0,,"{""no"": 0.97, ""yes"": 0.03}"
jev (typesafe),typesafe,True,content_moderation,mod_012,0,severity,score,,0,,,1.0,True,709.574047010392,379,34,1.5918000000000002e-05,0,0,,"{""0"": 1.0, ""1"": 0.0, ""2"": 0.0, ""3"": 0.0}"
jev (typesafe),typesafe,True,content_moderation,mod_012,1,should_block,noul,no,no,True,0.97,0.97,True,671.1702549364418,379,34,1.5918000000000002e-05,0,0,,"{""no"": 0.97, ""yes"": 0.03}"
jev (typesafe),typesafe,True,content_moderation,mod_012,1,severity,score,,0,,,1.0,True,671.1702549364418,379,34,1.5918000000000002e-05,0,0,,"{""0"": 1.0, ""1"": 0.0, ""2"": 0.0, ""3"": 0.0}"
jev (typesafe),typesafe,True,content_moderation,mod_012,2,should_block,noul,no,no,True,0.98,0.98,True,621.3819530094042,379,34,1.5918000000000002e-05,0,0,,"{""no"": 0.98, ""yes"": 0.02}"
jev (typesafe),typesafe,True,content_moderation,mod_012,2,severity,score,,0,,,1.0,True,621.3819530094042,379,34,1.5918000000000002e-05,0,0,,"{""0"": 1.0, ""1"": 0.0, ""2"": 0.0, ""3"": 0.0}"
jev (typesafe),typesafe,True,field_extraction,extract_001,0,product_category,choice,hardware,hardware,True,1.0,1.0,True,665.3865569969639,471,68,1.9782e-05,0,0,,"{""hardware"": 1.0, ""other"": 0.0, ""professional_service"": 0.0, ""software_subscription"": 0.0}"
jev (typesafe),typesafe,True,field_extraction,extract_001,0,has_promo_code,noul,no,no,True,0.98,0.98,True,665.3865569969639,471,68,1.9782e-05,0,0,,"{""no"": 0.98, ""yes"": 0.02}"
jev (typesafe),typesafe,True,field_extraction,extract_001,1,product_category,choice,hardware,hardware,True,1.0,1.0,True,622.4804329685867,471,68,1.9782e-05,0,0,,"{""hardware"": 1.0, ""other"": 0.0, ""professional_service"": 0.0, ""software_subscription"": 0.0}"
jev (typesafe),typesafe,True,field_extraction,extract_001,1,has_promo_code,noul,no,no,True,0.98,0.98,True,622.4804329685867,471,68,1.9782e-05,0,0,,"{""no"": 0.98, ""yes"": 0.02}"
jev (typesafe),typesafe,True,field_extraction,extract_001,2,product_category,choice,hardware,hardware,True,1.0,1.0,True,751.5871389769018,471,68,1.9782e-05,0,0,,"{""hardware"": 1.0, ""other"": 0.0, ""professional_service"": 0.0, ""software_subscription"": 0.0}"
jev (typesafe),typesafe,True,field_extraction,extract_001,2,has_promo_code,noul,no,no,True,0.98,0.98,True,751.5871389769018,471,68,1.9782e-05,0,0,,"{""no"": 0.98, ""yes"": 0.02}"
jev (typesafe),typesafe,True,field_extraction,extract_002,0,product_category,choice,software_subscription,software_subscription,True,1.0,1.0,True,618.8226460944861,462,69,1.9404e-05,0,0,,"{""hardware"": 0.0, ""other"": 0.0, ""professional_service"": 0.0, ""software_subscription"": 1.0}"
jev (typesafe),typesafe,True,field_extraction,extract_002,0,has_promo_code,noul,no,no,True,0.98,0.98,True,618.8226460944861,462,69,1.9404e-05,0,0,,"{""no"": 0.98, ""yes"": 0.02}"
jev (typesafe),typesafe,True,field_extraction,extract_002,1,product_category,choice,software_subscription,software_subscription,True,1.0,1.0,True,617.7347470074892,462,69,1.9404e-05,0,0,,"{""hardware"": 0.0, ""other"": 0.0, ""professional_service"": 0.0, ""software_subscription"": 1.0}"
jev (typesafe),typesafe,True,field_extraction,extract_002,1,has_promo_code,noul,no,no,True,0.98,0.98,True,617.7347470074892,462,69,1.9404e-05,0,0,,"{""no"": 0.98, ""yes"": 0.02}"
jev (typesafe),typesafe,True,field_extraction,extract_002,2,product_category,choice,software_subscription,software_subscription,True,1.0,1.0,True,655.7634329656139,462,69,1.9404e-05,0,0,,"{""hardware"": 0.0, ""other"": 0.0, ""professional_service"": 0.0, ""software_subscription"": 1.0}"
jev (typesafe),typesafe,True,field_extraction,extract_002,2,has_promo_code,noul,no,no,True,0.98,0.98,True,655.7634329656139,462,69,1.9404e-05,0,0,,"{""no"": 0.98, ""yes"": 0.02}"
jev (typesafe),typesafe,True,field_extraction,extract_003,0,product_category,choice,professional_service,professional_service,True,1.0,1.0,True,661.9798369938508,464,69,1.9488e-05,0,0,,"{""hardware"": 0.0, ""other"": 0.0, ""professional_service"": 1.0, ""software_subscription"": 0.0}"
jev (typesafe),typesafe,True,field_extraction,extract_003,0,has_promo_code,noul,no,no,True,0.99,0.99,True,661.9798369938508,464,69,1.9488e-05,0,0,,"{""no"": 0.99, ""yes"": 0.01}"
jev (typesafe),typesafe,True,field_extraction,extract_003,1,product_category,choice,professional_service,professional_service,True,1.0,1.0,True,704.6375819481909,464,69,1.9488e-05,0,0,,"{""hardware"": 0.0, ""other"": 0.0, ""professional_service"": 1.0, ""software_subscription"": 0.0}"
jev (typesafe),typesafe,True,field_extraction,extract_003,1,has_promo_code,noul,no,no,True,0.99,0.99,True,704.6375819481909,464,69,1.9488e-05,0,0,,"{""no"": 0.99, ""yes"": 0.01}"
jev (typesafe),typesafe,True,field_extraction,extract_003,2,product_category,choice,professional_service,professional_service,True,1.0,1.0,True,645.8523030159995,464,69,1.9488e-05,0,0,,"{""hardware"": 0.0, ""other"": 0.0, ""professional_service"": 1.0, ""software_subscription"": 0.0}"
jev (typesafe),typesafe,True,field_extraction,extract_003,2,has_promo_code,noul,no,no,True,0.98,0.98,True,645.8523030159995,464,69,1.9488e-05,0,0,,"{""no"": 0.98, ""yes"": 0.02}"
jev (typesafe),typesafe,True,field_extraction,extract_004,0,product_category,choice,hardware,hardware,True,1.0,1.0,True,695.2960139606148,463,68,1.9446e-05,0,0,,"{""hardware"": 1.0, ""other"": 0.0, ""professional_service"": 0.0, ""software_subscription"": 0.0}"
jev (typesafe),typesafe,True,field_extraction,extract_004,0,has_promo_code,noul,yes,yes,True,0.99,0.99,True,695.2960139606148,463,68,1.9446e-05,0,0,,"{""no"": 0.010000000000000009, ""yes"": 0.99}"
jev (typesafe),typesafe,True,field_extraction,extract_004,1,product_category,choice,hardware,hardware,True,1.0,1.0,True,678.879727027379,463,68,1.9446e-05,0,0,,"{""hardware"": 1.0, ""other"": 0.0, ""professional_service"": 0.0, ""software_subscription"": 0.0}"
jev (typesafe),typesafe,True,field_extraction,extract_004,1,has_promo_code,noul,yes,yes,True,0.99,0.99,True,678.879727027379,463,68,1.9446e-05,0,0,,"{""no"": 0.010000000000000009, ""yes"": 0.99}"
jev (typesafe),typesafe,True,field_extraction,extract_004,2,product_category,choice,hardware,hardware,True,1.0,1.0,True,642.4534840043634,463,68,1.9446e-05,0,0,,"{""hardware"": 1.0, ""other"": 0.0, ""professional_service"": 0.0, ""software_subscription"": 0.0}"
jev (typesafe),typesafe,True,field_extraction,extract_004,2,has_promo_code,noul,yes,yes,True,0.99,0.99,True,642.4534840043634,463,68,1.9446e-05,0,0,,"{""no"": 0.010000000000000009, ""yes"": 0.99}"
jev (typesafe),typesafe,True,field_extraction,extract_005,0,product_category,choice,software_subscription,software_subscription,True,1.0,1.0,True,796.8902710126713,467,69,1.9614000000000002e-05,0,0,,"{""hardware"": 0.0, ""other"": 0.0, ""professional_service"": 0.0, ""software_subscription"": 1.0}"
jev (typesafe),typesafe,True,field_extraction,extract_005,0,has_promo_code,noul,yes,yes,True,0.99,0.99,True,796.8902710126713,467,69,1.9614000000000002e-05,0,0,,"{""no"": 0.010000000000000009, ""yes"": 0.99}"
jev (typesafe),typesafe,True,field_extraction,extract_005,1,product_category,choice,software_subscription,software_subscription,True,1.0,1.0,True,644.8769220151007,467,69,1.9614000000000002e-05,0,0,,"{""hardware"": 0.0, ""other"": 0.0, ""professional_service"": 0.0, ""software_subscription"": 1.0}"
jev (typesafe),typesafe,True,field_extraction,extract_005,1,has_promo_code,noul,yes,yes,True,0.99,0.99,True,644.8769220151007,467,69,1.9614000000000002e-05,0,0,,"{""no"": 0.010000000000000009, ""yes"": 0.99}"
jev (typesafe),typesafe,True,field_extraction,extract_005,2,product_category,choice,software_subscription,software_subscription,True,1.0,1.0,True,634.2699759406969,467,69,1.9614000000000002e-05,0,0,,"{""hardware"": 0.0, ""other"": 0.0, ""professional_service"": 0.0, ""software_subscription"": 1.0}"
jev (typesafe),typesafe,True,field_extraction,extract_005,2,has_promo_code,noul,yes,yes,True,0.99,0.99,True,634.2699759406969,467,69,1.9614000000000002e-05,0,0,,"{""no"": 0.010000000000000009, ""yes"": 0.99}"
jev (typesafe),typesafe,True,field_extraction,extract_006,0,product_category,choice,professional_service,professional_service,True,1.0,1.0,True,687.1618679724634,473,69,1.9866e-05,0,0,,"{""hardware"": 0.0, ""other"": 0.0, ""professional_service"": 1.0, ""software_subscription"": 0.0}"
jev (typesafe),typesafe,True,field_extraction,extract_006,0,has_promo_code,noul,no,no,True,0.98,0.98,True,687.1618679724634,473,69,1.9866e-05,0,0,,"{""no"": 0.98, ""yes"": 0.02}"
jev (typesafe),typesafe,True,field_extraction,extract_006,1,product_category,choice,professional_service,professional_service,True,1.0,1.0,True,703.8203820120543,473,69,1.9866e-05,0,0,,"{""hardware"": 0.0, ""other"": 0.0, ""professional_service"": 1.0, ""software_subscription"": 0.0}"
jev (typesafe),typesafe,True,field_extraction,extract_006,1,has_promo_code,noul,no,no,True,0.98,0.98,True,703.8203820120543,473,69,1.9866e-05,0,0,,"{""no"": 0.98, ""yes"": 0.02}"
jev (typesafe),typesafe,True,field_extraction,extract_006,2,product_category,choice,professional_service,professional_service,True,1.0,1.0,True,923.7133701099083,473,69,1.9866e-05,0,0,,"{""hardware"": 0.0, ""other"": 0.0, ""professional_service"": 1.0, ""software_subscription"": 0.0}"
jev (typesafe),typesafe,True,field_extraction,extract_006,2,has_promo_code,noul,no,no,True,0.98,0.98,True,923.7133701099083,473,69,1.9866e-05,0,0,,"{""no"": 0.98, ""yes"": 0.02}"
jev (typesafe),typesafe,True,field_extraction,extract_007,0,product_category,choice,hardware,hardware,True,1.0,1.0,True,699.1551020182669,468,68,1.9656000000000003e-05,0,0,,"{""hardware"": 1.0, ""other"": 0.0, ""professional_service"": 0.0, ""software_subscription"": 0.0}"
jev (typesafe),typesafe,True,field_extraction,extract_007,0,has_promo_code,noul,no,no,True,0.99,0.99,True,699.1551020182669,468,68,1.9656000000000003e-05,0,0,,"{""no"": 0.99, ""yes"": 0.01}"
jev (typesafe),typesafe,True,field_extraction,extract_007,1,product_category,choice,hardware,hardware,True,1.0,1.0,True,726.7270039301366,468,68,1.9656000000000003e-05,0,0,,"{""hardware"": 1.0, ""other"": 0.0, ""professional_service"": 0.0, ""software_subscription"": 0.0}"
jev (typesafe),typesafe,True,field_extraction,extract_007,1,has_promo_code,noul,no,no,True,0.98,0.98,True,726.7270039301366,468,68,1.9656000000000003e-05,0,0,,"{""no"": 0.98, ""yes"": 0.02}"
jev (typesafe),typesafe,True,field_extraction,extract_007,2,product_category,choice,hardware,hardware,True,1.0,1.0,True,619.7490469785407,468,68,1.9656000000000003e-05,0,0,,"{""hardware"": 1.0, ""other"": 0.0, ""professional_service"": 0.0, ""software_subscription"": 0.0}"
jev (typesafe),typesafe,True,field_extraction,extract_007,2,has_promo_code,noul,no,no,True,0.99,0.99,True,619.7490469785407,468,68,1.9656000000000003e-05,0,0,,"{""no"": 0.99, ""yes"": 0.01}"
jev (typesafe),typesafe,True,field_extraction,extract_008,0,product_category,choice,software_subscription,software_subscription,True,1.0,1.0,True,648.3816580148414,455,69,1.9109999999999998e-05,0,0,,"{""hardware"": 0.0, ""other"": 0.0, ""professional_service"": 0.0, ""software_subscription"": 1.0}"
jev (typesafe),typesafe,True,field_extraction,extract_008,0,has_promo_code,noul,no,no,True,0.96,0.96,True,648.3816580148414,455,69,1.9109999999999998e-05,0,0,,"{""no"": 0.96, ""yes"": 0.04}"
jev (typesafe),typesafe,True,field_extraction,extract_008,1,product_category,choice,software_subscription,software_subscription,True,1.0,1.0,True,695.0964980060235,455,69,1.9109999999999998e-05,0,0,,"{""hardware"": 0.0, ""other"": 0.0, ""professional_service"": 0.0, ""software_subscription"": 1.0}"
jev (typesafe),typesafe,True,field_extraction,extract_008,1,has_promo_code,noul,no,no,True,0.96,0.96,True,695.0964980060235,455,69,1.9109999999999998e-05,0,0,,"{""no"": 0.96, ""yes"": 0.04}"
jev (typesafe),typesafe,True,field_extraction,extract_008,2,product_category,choice,software_subscription,software_subscription,True,1.0,1.0,True,663.8207810465246,455,69,1.9109999999999998e-05,0,0,,"{""hardware"": 0.0, ""other"": 0.0, ""professional_service"": 0.0, ""software_subscription"": 1.0}"
jev (typesafe),typesafe,True,field_extraction,extract_008,2,has_promo_code,noul,no,no,True,0.96,0.96,True,663.8207810465246,455,69,1.9109999999999998e-05,0,0,,"{""no"": 0.96, ""yes"": 0.04}"
jev (typesafe),typesafe,True,field_extraction,extract_009,0,product_category,choice,professional_service,professional_service,True,1.0,1.0,True,635.4584250366315,468,69,1.9656000000000003e-05,0,0,,"{""hardware"": 0.0, ""other"": 0.0, ""professional_service"": 1.0, ""software_subscription"": 0.0}"
jev (typesafe),typesafe,True,field_extraction,extract_009,0,has_promo_code,noul,yes,yes,True,0.99,0.99,True,635.4584250366315,468,69,1.9656000000000003e-05,0,0,,"{""no"": 0.010000000000000009, ""yes"": 0.99}"
jev (typesafe),typesafe,True,field_extraction,extract_009,1,product_category,choice,professional_service,professional_service,True,1.0,1.0,True,636.0485199838877,468,69,1.9656000000000003e-05,0,0,,"{""hardware"": 0.0, ""other"": 0.0, ""professional_service"": 1.0, ""software_subscription"": 0.0}"
jev (typesafe),typesafe,True,field_extraction,extract_009,1,has_promo_code,noul,yes,yes,True,0.99,0.99,True,636.0485199838877,468,69,1.9656000000000003e-05,0,0,,"{""no"": 0.010000000000000009, ""yes"": 0.99}"
jev (typesafe),typesafe,True,field_extraction,extract_009,2,product_category,choice,professional_service,professional_service,True,1.0,1.0,True,629.9262649845332,468,69,1.9656000000000003e-05,0,0,,"{""hardware"": 0.0, ""other"": 0.0, ""professional_service"": 1.0, ""software_subscription"": 0.0}"
jev (typesafe),typesafe,True,field_extraction,extract_009,2,has_promo_code,noul,yes,yes,True,0.99,0.99,True,629.9262649845332,468,69,1.9656000000000003e-05,0,0,,"{""no"": 0.010000000000000009, ""yes"": 0.99}"
jev (typesafe),typesafe,True,field_extraction,extract_010,0,product_category,choice,hardware,hardware,True,1.0,1.0,True,622.6304810261354,469,68,1.9698e-05,0,0,,"{""hardware"": 1.0, ""other"": 0.0, ""professional_service"": 0.0, ""software_subscription"": 0.0}"
jev (typesafe),typesafe,True,field_extraction,extract_010,0,has_promo_code,noul,no,no,True,0.98,0.98,True,622.6304810261354,469,68,1.9698e-05,0,0,,"{""no"": 0.98, ""yes"": 0.02}"
jev (typesafe),typesafe,True,field_extraction,extract_010,1,product_category,choice,hardware,hardware,True,1.0,1.0,True,612.1063249884173,469,68,1.9698e-05,0,0,,"{""hardware"": 1.0, ""other"": 0.0, ""professional_service"": 0.0, ""software_subscription"": 0.0}"
jev (typesafe),typesafe,True,field_extraction,extract_010,1,has_promo_code,noul,no,no,True,0.98,0.98,True,612.1063249884173,469,68,1.9698e-05,0,0,,"{""no"": 0.98, ""yes"": 0.02}"
jev (typesafe),typesafe,True,field_extraction,extract_010,2,product_category,choice,hardware,hardware,True,1.0,1.0,True,706.5888340584934,469,68,1.9698e-05,0,0,,"{""hardware"": 1.0, ""other"": 0.0, ""professional_service"": 0.0, ""software_subscription"": 0.0}"
jev (typesafe),typesafe,True,field_extraction,extract_010,2,has_promo_code,noul,no,no,True,0.98,0.98,True,706.5888340584934,469,68,1.9698e-05,0,0,,"{""no"": 0.98, ""yes"": 0.02}"
jev (typesafe),typesafe,True,field_extraction,extract_011,0,product_category,choice,software_subscription,software_subscription,True,1.0,1.0,True,668.9238119870424,459,69,1.9278e-05,0,0,,"{""hardware"": 0.0, ""other"": 0.0, ""professional_service"": 0.0, ""software_subscription"": 1.0}"
jev (typesafe),typesafe,True,field_extraction,extract_011,0,has_promo_code,noul,no,no,True,0.94,0.94,True,668.9238119870424,459,69,1.9278e-05,0,0,,"{""no"": 0.94, ""yes"": 0.06}"
jev (typesafe),typesafe,True,field_extraction,extract_011,1,product_category,choice,software_subscription,software_subscription,True,1.0,1.0,True,620.4113099956885,459,69,1.9278e-05,0,0,,"{""hardware"": 0.0, ""other"": 0.0, ""professional_service"": 0.0, ""software_subscription"": 1.0}"
jev (typesafe),typesafe,True,field_extraction,extract_011,1,has_promo_code,noul,no,no,True,0.94,0.94,True,620.4113099956885,459,69,1.9278e-05,0,0,,"{""no"": 0.94, ""yes"": 0.06}"
jev (typesafe),typesafe,True,field_extraction,extract_011,2,product_category,choice,software_subscription,software_subscription,True,1.0,1.0,True,1023.900625994429,459,69,1.9278e-05,0,0,,"{""hardware"": 0.0, ""other"": 0.0, ""professional_service"": 0.0, ""software_subscription"": 1.0}"
jev (typesafe),typesafe,True,field_extraction,extract_011,2,has_promo_code,noul,no,no,True,0.94,0.94,True,1023.900625994429,459,69,1.9278e-05,0,0,,"{""no"": 0.94, ""yes"": 0.06}"
jev (typesafe),typesafe,True,field_extraction,extract_012,0,product_category,choice,professional_service,professional_service,True,1.0,1.0,True,678.2602700404823,472,69,1.9824000000000002e-05,0,0,,"{""hardware"": 0.0, ""other"": 0.0, ""professional_service"": 1.0, ""software_subscription"": 0.0}"
jev (typesafe),typesafe,True,field_extraction,extract_012,0,has_promo_code,noul,yes,yes,True,0.98,0.98,True,678.2602700404823,472,69,1.9824000000000002e-05,0,0,,"{""no"": 0.020000000000000018, ""yes"": 0.98}"
jev (typesafe),typesafe,True,field_extraction,extract_012,1,product_category,choice,professional_service,professional_service,True,1.0,1.0,True,676.7260630149394,472,69,1.9824000000000002e-05,0,0,,"{""hardware"": 0.0, ""other"": 0.0, ""professional_service"": 1.0, ""software_subscription"": 0.0}"
jev (typesafe),typesafe,True,field_extraction,extract_012,1,has_promo_code,noul,yes,yes,True,0.98,0.98,True,676.7260630149394,472,69,1.9824000000000002e-05,0,0,,"{""no"": 0.020000000000000018, ""yes"": 0.98}"
jev (typesafe),typesafe,True,field_extraction,extract_012,2,product_category,choice,professional_service,professional_service,True,1.0,1.0,True,617.4695659428835,472,69,1.9824000000000002e-05,0,0,,"{""hardware"": 0.0, ""other"": 0.0, ""professional_service"": 1.0, ""software_subscription"": 0.0}"
jev (typesafe),typesafe,True,field_extraction,extract_012,2,has_promo_code,noul,yes,yes,True,0.98,0.98,True,617.4695659428835,472,69,1.9824000000000002e-05,0,0,,"{""no"": 0.020000000000000018, ""yes"": 0.98}"
jev (typesafe),typesafe,True,support_routing,routing_001,0,department,choice,billing,billing,True,1.0,1.0,True,658.8755541015416,499,70,2.0958e-05,0,0,,"{""account"": 0.0, ""billing"": 1.0, ""other"": 0.0, ""sales"": 0.0, ""technical"": 0.0}"
jev (typesafe),typesafe,True,support_routing,routing_001,0,urgency,noul,yes,yes,True,0.93,0.93,True,658.8755541015416,499,70,2.0958e-05,0,0,,"{""no"": 0.06999999999999995, ""yes"": 0.93}"
jev (typesafe),typesafe,True,support_routing,routing_001,1,department,choice,billing,billing,True,1.0,1.0,True,674.0300259552896,499,70,2.0958e-05,0,0,,"{""account"": 0.0, ""billing"": 1.0, ""other"": 0.0, ""sales"": 0.0, ""technical"": 0.0}"
jev (typesafe),typesafe,True,support_routing,routing_001,1,urgency,noul,yes,yes,True,0.93,0.93,True,674.0300259552896,499,70,2.0958e-05,0,0,,"{""no"": 0.06999999999999995, ""yes"": 0.93}"
jev (typesafe),typesafe,True,support_routing,routing_001,2,department,choice,billing,billing,True,1.0,1.0,True,597.649117000401,499,70,2.0958e-05,0,0,,"{""account"": 0.0, ""billing"": 1.0, ""other"": 0.0, ""sales"": 0.0, ""technical"": 0.0}"
jev (typesafe),typesafe,True,support_routing,routing_001,2,urgency,noul,yes,yes,True,0.92,0.92,True,597.649117000401,499,70,2.0958e-05,0,0,,"{""no"": 0.07999999999999996, ""yes"": 0.92}"
jev (typesafe),typesafe,True,support_routing,routing_002,0,department,choice,technical,technical,True,0.95,0.95,True,665.9255300182849,488,70,2.0496e-05,0,0,,"{""account"": 0.05, ""billing"": 0.0, ""other"": 0.0, ""sales"": 0.0, ""technical"": 0.95}"
jev (typesafe),typesafe,True,support_routing,routing_002,0,urgency,noul,yes,yes,True,0.92,0.92,True,665.9255300182849,488,70,2.0496e-05,0,0,,"{""no"": 0.07999999999999996, ""yes"": 0.92}"
jev (typesafe),typesafe,True,support_routing,routing_002,1,department,choice,technical,technical,True,0.94,0.94,True,592.1732030110434,488,70,2.0496e-05,0,0,,"{""account"": 0.06, ""billing"": 0.0, ""other"": 0.0, ""sales"": 0.0, ""technical"": 0.94}"
jev (typesafe),typesafe,True,support_routing,routing_002,1,urgency,noul,yes,yes,True,0.92,0.92,True,592.1732030110434,488,70,2.0496e-05,0,0,,"{""no"": 0.07999999999999996, ""yes"": 0.92}"
jev (typesafe),typesafe,True,support_routing,routing_002,2,department,choice,technical,technical,True,0.95,0.95,True,632.8436590265483,488,70,2.0496e-05,0,0,,"{""account"": 0.05, ""billing"": 0.0, ""other"": 0.0, ""sales"": 0.0, ""technical"": 0.95}"
jev (typesafe),typesafe,True,support_routing,routing_002,2,urgency,noul,yes,yes,True,0.92,0.92,True,632.8436590265483,488,70,2.0496e-05,0,0,,"{""no"": 0.07999999999999996, ""yes"": 0.92}"
jev (typesafe),typesafe,True,support_routing,routing_003,0,department,choice,sales,sales,True,1.0,1.0,True,621.2065509753302,481,70,2.0202e-05,0,0,,"{""account"": 0.0, ""billing"": 0.0, ""other"": 0.0, ""sales"": 1.0, ""technical"": 0.0}"
jev (typesafe),typesafe,True,support_routing,routing_003,0,urgency,noul,no,no,True,0.71,0.71,True,621.2065509753302,481,70,2.0202e-05,0,0,,"{""no"": 0.71, ""yes"": 0.29}"
jev (typesafe),typesafe,True,support_routing,routing_003,1,department,choice,sales,sales,True,1.0,1.0,True,1041.3330480223522,481,70,2.0202e-05,0,0,,"{""account"": 0.0, ""billing"": 0.0, ""other"": 0.0, ""sales"": 1.0, ""technical"": 0.0}"
jev (typesafe),typesafe,True,support_routing,routing_003,1,urgency,noul,no,no,True,0.71,0.71,True,1041.3330480223522,481,70,2.0202e-05,0,0,,"{""no"": 0.71, ""yes"": 0.29}"
jev (typesafe),typesafe,True,support_routing,routing_003,2,department,choice,sales,sales,True,1.0,1.0,True,802.1372619550675,481,70,2.0202e-05,0,0,,"{""account"": 0.0, ""billing"": 0.0, ""other"": 0.0, ""sales"": 1.0, ""technical"": 0.0}"
jev (typesafe),typesafe,True,support_routing,routing_003,2,urgency,noul,no,no,True,0.7,0.7,True,802.1372619550675,481,70,2.0202e-05,0,0,,"{""no"": 0.7, ""yes"": 0.3}"
jev (typesafe),typesafe,True,support_routing,routing_004,0,department,choice,account,billing,False,0.01,0.99,True,725.8547990350053,480,70,2.016e-05,0,0,,"{""account"": 0.01, ""billing"": 0.99, ""other"": 0.0, ""sales"": 0.0, ""technical"": 0.0}"
jev (typesafe),typesafe,True,support_routing,routing_004,0,urgency,noul,no,no,True,0.88,0.88,True,725.8547990350053,480,70,2.016e-05,0,0,,"{""no"": 0.88, ""yes"": 0.12}"
jev (typesafe),typesafe,True,support_routing,routing_004,1,department,choice,account,billing,False,0.02,0.98,True,648.3831889927387,480,70,2.016e-05,0,0,,"{""account"": 0.02, ""billing"": 0.98, ""other"": 0.0, ""sales"": 0.0, ""technical"": 0.0}"
jev (typesafe),typesafe,True,support_routing,routing_004,1,urgency,noul,no,no,True,0.88,0.88,True,648.3831889927387,480,70,2.016e-05,0,0,,"{""no"": 0.88, ""yes"": 0.12}"
jev (typesafe),typesafe,True,support_routing,routing_004,2,department,choice,account,billing,False,0.02,0.98,True,609.7978430334479,480,70,2.016e-05,0,0,,"{""account"": 0.02, ""billing"": 0.98, ""other"": 0.0, ""sales"": 0.0, ""technical"": 0.0}"
jev (typesafe),typesafe,True,support_routing,routing_004,2,urgency,noul,no,no,True,0.89,0.89,True,609.7978430334479,480,70,2.016e-05,0,0,,"{""no"": 0.89, ""yes"": 0.11}"
jev (typesafe),typesafe,True,support_routing,routing_005,0,department,choice,billing,billing,True,1.0,1.0,True,670.1913119759411,494,70,2.0748000000000002e-05,0,0,,"{""account"": 0.0, ""billing"": 1.0, ""other"": 0.0, ""sales"": 0.0, ""technical"": 0.0}"
jev (typesafe),typesafe,True,support_routing,routing_005,0,urgency,noul,no,no,True,0.8200000000000001,0.8200000000000001,True,670.1913119759411,494,70,2.0748000000000002e-05,0,0,,"{""no"": 0.8200000000000001, ""yes"": 0.18}"
jev (typesafe),typesafe,True,support_routing,routing_005,1,department,choice,billing,billing,True,1.0,1.0,True,629.9600519705564,494,70,2.0748000000000002e-05,0,0,,"{""account"": 0.0, ""billing"": 1.0, ""other"": 0.0, ""sales"": 0.0, ""technical"": 0.0}"
jev (typesafe),typesafe,True,support_routing,routing_005,1,urgency,noul,no,no,True,0.8200000000000001,0.8200000000000001,True,629.9600519705564,494,70,2.0748000000000002e-05,0,0,,"{""no"": 0.8200000000000001, ""yes"": 0.18}"
jev (typesafe),typesafe,True,support_routing,routing_005,2,department,choice,billing,billing,True,1.0,1.0,True,654.7114429995418,494,70,2.0748000000000002e-05,0,0,,"{""account"": 0.0, ""billing"": 1.0, ""other"": 0.0, ""sales"": 0.0, ""technical"": 0.0}"
jev (typesafe),typesafe,True,support_routing,routing_005,2,urgency,noul,no,no,True,0.8200000000000001,0.8200000000000001,True,654.7114429995418,494,70,2.0748000000000002e-05,0,0,,"{""no"": 0.8200000000000001, ""yes"": 0.18}"
jev (typesafe),typesafe,True,support_routing,routing_006,0,department,choice,technical,technical,True,1.0,1.0,True,627.344727050513,494,70,2.0748000000000002e-05,0,0,,"{""account"": 0.0, ""billing"": 0.0, ""other"": 0.0, ""sales"": 0.0, ""technical"": 1.0}"
jev (typesafe),typesafe,True,support_routing,routing_006,0,urgency,noul,yes,yes,True,0.98,0.98,True,627.344727050513,494,70,2.0748000000000002e-05,0,0,,"{""no"": 0.020000000000000018, ""yes"": 0.98}"
jev (typesafe),typesafe,True,support_routing,routing_006,1,department,choice,technical,technical,True,1.0,1.0,True,611.9506659451872,494,70,2.0748000000000002e-05,0,0,,"{""account"": 0.0, ""billing"": 0.0, ""other"": 0.0, ""sales"": 0.0, ""technical"": 1.0}"
jev (typesafe),typesafe,True,support_routing,routing_006,1,urgency,noul,yes,yes,True,0.98,0.98,True,611.9506659451872,494,70,2.0748000000000002e-05,0,0,,"{""no"": 0.020000000000000018, ""yes"": 0.98}"
jev (typesafe),typesafe,True,support_routing,routing_006,2,department,choice,technical,technical,True,1.0,1.0,True,655.3601840278134,494,70,2.0748000000000002e-05,0,0,,"{""account"": 0.0, ""billing"": 0.0, ""other"": 0.0, ""sales"": 0.0, ""technical"": 1.0}"
jev (typesafe),typesafe,True,support_routing,routing_006,2,urgency,noul,yes,yes,True,0.98,0.98,True,655.3601840278134,494,70,2.0748000000000002e-05,0,0,,"{""no"": 0.020000000000000018, ""yes"": 0.98}"
jev (typesafe),typesafe,True,support_routing,routing_007,0,department,choice,sales,sales,True,0.98,0.98,True,596.7412939062342,482,70,2.0244e-05,0,0,,"{""account"": 0.0, ""billing"": 0.02, ""other"": 0.0, ""sales"": 0.98, ""technical"": 0.0}"
jev (typesafe),typesafe,True,support_routing,routing_007,0,urgency,noul,no,no,True,0.95,0.95,True,596.7412939062342,482,70,2.0244e-05,0,0,,"{""no"": 0.95, ""yes"": 0.05}"
jev (typesafe),typesafe,True,support_routing,routing_007,1,department,choice,sales,sales,True,0.98,0.98,True,678.4657969838008,482,70,2.0244e-05,0,0,,"{""account"": 0.0, ""billing"": 0.02, ""other"": 0.0, ""sales"": 0.98, ""technical"": 0.0}"
jev (typesafe),typesafe,True,support_routing,routing_007,1,urgency,noul,no,no,True,0.94,0.94,True,678.4657969838008,482,70,2.0244e-05,0,0,,"{""no"": 0.94, ""yes"": 0.06}"
jev (typesafe),typesafe,True,support_routing,routing_007,2,department,choice,sales,sales,True,0.99,0.99,True,800.4255469422787,482,70,2.0244e-05,0,0,,"{""account"": 0.0, ""billing"": 0.01, ""other"": 0.0, ""sales"": 0.99, ""technical"": 0.0}"
jev (typesafe),typesafe,True,support_routing,routing_007,2,urgency,noul,no,no,True,0.95,0.95,True,800.4255469422787,482,70,2.0244e-05,0,0,,"{""no"": 0.95, ""yes"": 0.05}"
jev (typesafe),typesafe,True,support_routing,routing_008,0,department,choice,account,technical,False,0.03,0.94,True,645.8715189946815,484,70,2.0328000000000003e-05,0,0,,"{""account"": 0.03, ""billing"": 0.0, ""other"": 0.03, ""sales"": 0.0, ""technical"": 0.94}"
jev (typesafe),typesafe,True,support_routing,routing_008,0,urgency,noul,yes,yes,True,0.98,0.98,True,645.8715189946815,484,70,2.0328000000000003e-05,0,0,,"{""no"": 0.020000000000000018, ""yes"": 0.98}"
jev (typesafe),typesafe,True,support_routing,routing_008,1,department,choice,account,technical,False,0.03,0.93,True,627.537666936405,484,70,2.0328000000000003e-05,0,0,,"{""account"": 0.03, ""billing"": 0.0, ""other"": 0.04, ""sales"": 0.0, ""technical"": 0.93}"
jev (typesafe),typesafe,True,support_routing,routing_008,1,urgency,noul,yes,yes,True,0.97,0.97,True,627.537666936405,484,70,2.0328000000000003e-05,0,0,,"{""no"": 0.030000000000000027, ""yes"": 0.97}"
jev (typesafe),typesafe,True,support_routing,routing_008,2,department,choice,account,technical,False,0.03,0.94,True,1508.4973549237475,484,70,2.0328000000000003e-05,0,0,,"{""account"": 0.03, ""billing"": 0.0, ""other"": 0.03, ""sales"": 0.0, ""technical"": 0.94}"
jev (typesafe),typesafe,True,support_routing,routing_008,2,urgency,noul,yes,yes,True,0.98,0.98,True,1508.4973549237475,484,70,2.0328000000000003e-05,0,0,,"{""no"": 0.020000000000000018, ""yes"": 0.98}"
jev (typesafe),typesafe,True,support_routing,routing_009,0,department,choice,technical,technical,True,0.81,0.81,True,693.7839870806783,487,70,2.0454e-05,0,0,,"{""account"": 0.05, ""billing"": 0.0, ""other"": 0.0, ""sales"": 0.14, ""technical"": 0.81}"
jev (typesafe),typesafe,True,support_routing,routing_009,0,urgency,noul,no,no,True,0.87,0.87,True,693.7839870806783,487,70,2.0454e-05,0,0,,"{""no"": 0.87, ""yes"": 0.13}"
jev (typesafe),typesafe,True,support_routing,routing_009,1,department,choice,technical,technical,True,0.83,0.83,True,642.1119540464133,487,70,2.0454e-05,0,0,,"{""account"": 0.04, ""billing"": 0.0, ""other"": 0.0, ""sales"": 0.13, ""technical"": 0.83}"
jev (typesafe),typesafe,True,support_routing,routing_009,1,urgency,noul,no,no,True,0.88,0.88,True,642.1119540464133,487,70,2.0454e-05,0,0,,"{""no"": 0.88, ""yes"": 0.12}"
jev (typesafe),typesafe,True,support_routing,routing_009,2,department,choice,technical,technical,True,0.77,0.77,True,673.365933005698,487,70,2.0454e-05,0,0,,"{""account"": 0.06, ""billing"": 0.0, ""other"": 0.0, ""sales"": 0.17, ""technical"": 0.77}"
jev (typesafe),typesafe,True,support_routing,routing_009,2,urgency,noul,no,no,True,0.87,0.87,True,673.365933005698,487,70,2.0454e-05,0,0,,"{""no"": 0.87, ""yes"": 0.13}"
jev (typesafe),typesafe,True,support_routing,routing_010,0,department,choice,sales,billing,False,0.36,0.64,True,607.1814979659393,480,70,2.016e-05,0,0,,"{""account"": 0.0, ""billing"": 0.64, ""other"": 0.0, ""sales"": 0.36, ""technical"": 0.0}"
jev (typesafe),typesafe,True,support_routing,routing_010,0,urgency,noul,no,yes,False,0.21999999999999997,0.78,True,607.1814979659393,480,70,2.016e-05,0,0,,"{""no"": 0.21999999999999997, ""yes"": 0.78}"
jev (typesafe),typesafe,True,support_routing,routing_010,1,department,choice,sales,billing,False,0.36,0.64,True,672.5666490383446,480,70,2.016e-05,0,0,,"{""account"": 0.0, ""billing"": 0.64, ""other"": 0.0, ""sales"": 0.36, ""technical"": 0.0}"
jev (typesafe),typesafe,True,support_routing,routing_010,1,urgency,noul,no,yes,False,0.21999999999999997,0.78,True,672.5666490383446,480,70,2.016e-05,0,0,,"{""no"": 0.21999999999999997, ""yes"": 0.78}"
jev (typesafe),typesafe,True,support_routing,routing_010,2,department,choice,sales,billing,False,0.38,0.62,True,909.9994380958378,480,70,2.016e-05,0,0,,"{""account"": 0.0, ""billing"": 0.62, ""other"": 0.0, ""sales"": 0.38, ""technical"": 0.0}"
jev (typesafe),typesafe,True,support_routing,routing_010,2,urgency,noul,no,yes,False,0.21999999999999997,0.78,True,909.9994380958378,480,70,2.016e-05,0,0,,"{""no"": 0.21999999999999997, ""yes"": 0.78}"
jev (typesafe),typesafe,True,support_routing,routing_011,0,department,choice,billing,billing,True,1.0,1.0,True,676.6116830985993,486,70,2.0412000000000004e-05,0,0,,"{""account"": 0.0, ""billing"": 1.0, ""other"": 0.0, ""sales"": 0.0, ""technical"": 0.0}"
jev (typesafe),typesafe,True,support_routing,routing_011,0,urgency,noul,no,no,True,0.79,0.79,True,676.6116830985993,486,70,2.0412000000000004e-05,0,0,,"{""no"": 0.79, ""yes"": 0.21}"
jev (typesafe),typesafe,True,support_routing,routing_011,1,department,choice,billing,billing,True,1.0,1.0,True,612.9570859484375,486,70,2.0412000000000004e-05,0,0,,"{""account"": 0.0, ""billing"": 1.0, ""other"": 0.0, ""sales"": 0.0, ""technical"": 0.0}"
jev (typesafe),typesafe,True,support_routing,routing_011,1,urgency,noul,no,no,True,0.78,0.78,True,612.9570859484375,486,70,2.0412000000000004e-05,0,0,,"{""no"": 0.78, ""yes"": 0.22}"
jev (typesafe),typesafe,True,support_routing,routing_011,2,department,choice,billing,billing,True,1.0,1.0,True,663.3308919845149,486,70,2.0412000000000004e-05,0,0,,"{""account"": 0.0, ""billing"": 1.0, ""other"": 0.0, ""sales"": 0.0, ""technical"": 0.0}"
jev (typesafe),typesafe,True,support_routing,routing_011,2,urgency,noul,no,no,True,0.79,0.79,True,663.3308919845149,486,70,2.0412000000000004e-05,0,0,,"{""no"": 0.79, ""yes"": 0.21}"
jev (typesafe),typesafe,True,support_routing,routing_012,0,department,choice,technical,technical,True,1.0,1.0,True,611.6131580201909,426,70,1.7892e-05,0,0,,"{""account"": 0.0, ""billing"": 0.0, ""other"": 0.0, ""sales"": 0.0, ""technical"": 1.0}"
jev (typesafe),typesafe,True,support_routing,routing_012,0,urgency,noul,yes,yes,True,0.98,0.98,True,611.6131580201909,426,70,1.7892e-05,0,0,,"{""no"": 0.020000000000000018, ""yes"": 0.98}"
jev (typesafe),typesafe,True,support_routing,routing_012,1,department,choice,technical,technical,True,1.0,1.0,True,723.6431489000097,426,70,1.7892e-05,0,0,,"{""account"": 0.0, ""billing"": 0.0, ""other"": 0.0, ""sales"": 0.0, ""technical"": 1.0}"
jev (typesafe),typesafe,True,support_routing,routing_012,1,urgency,noul,yes,yes,True,0.98,0.98,True,723.6431489000097,426,70,1.7892e-05,0,0,,"{""no"": 0.020000000000000018, ""yes"": 0.98}"
jev (typesafe),typesafe,True,support_routing,routing_012,2,department,choice,technical,technical,True,1.0,1.0,True,624.3651519762352,426,70,1.7892e-05,0,0,,"{""account"": 0.0, ""billing"": 0.0, ""other"": 0.0, ""sales"": 0.0, ""technical"": 1.0}"
jev (typesafe),typesafe,True,support_routing,routing_012,2,urgency,noul,yes,yes,True,0.98,0.98,True,624.3651519762352,426,70,1.7892e-05,0,0,,"{""no"": 0.020000000000000018, ""yes"": 0.98}"
jev (typesafe),typesafe,True,support_routing,routing_013,0,department,choice,account,technical,False,0.09,0.9,True,740.6835949514061,482,70,2.0244e-05,0,0,,"{""account"": 0.09, ""billing"": 0.0, ""other"": 0.01, ""sales"": 0.0, ""technical"": 0.9}"
jev (typesafe),typesafe,True,support_routing,routing_013,0,urgency,noul,no,no,True,0.87,0.87,True,740.6835949514061,482,70,2.0244e-05,0,0,,"{""no"": 0.87, ""yes"": 0.13}"
jev (typesafe),typesafe,True,support_routing,routing_013,1,department,choice,account,technical,False,0.08,0.92,True,665.0574270170182,482,70,2.0244e-05,0,0,,"{""account"": 0.08, ""billing"": 0.0, ""other"": 0.0, ""sales"": 0.0, ""technical"": 0.92}"
jev (typesafe),typesafe,True,support_routing,routing_013,1,urgency,noul,no,no,True,0.86,0.86,True,665.0574270170182,482,70,2.0244e-05,0,0,,"{""no"": 0.86, ""yes"": 0.14}"
jev (typesafe),typesafe,True,support_routing,routing_013,2,department,choice,account,technical,False,0.09,0.91,True,718.7039919663221,482,70,2.0244e-05,0,0,,"{""account"": 0.09, ""billing"": 0.0, ""other"": 0.0, ""sales"": 0.0, ""technical"": 0.91}"
jev (typesafe),typesafe,True,support_routing,routing_013,2,urgency,noul,no,no,True,0.86,0.86,True,718.7039919663221,482,70,2.0244e-05,0,0,,"{""no"": 0.86, ""yes"": 0.14}"
jev (typesafe),typesafe,True,support_routing,routing_014,0,department,choice,other,other,True,0.96,0.96,True,762.6106180250645,481,70,2.0202e-05,0,0,,"{""account"": 0.0, ""billing"": 0.0, ""other"": 0.96, ""sales"": 0.0, ""technical"": 0.04}"
jev (typesafe),typesafe,True,support_routing,routing_014,0,urgency,noul,yes,yes,True,0.94,0.94,True,762.6106180250645,481,70,2.0202e-05,0,0,,"{""no"": 0.06000000000000005, ""yes"": 0.94}"
jev (typesafe),typesafe,True,support_routing,routing_014,1,department,choice,other,other,True,0.97,0.97,True,653.7209569942206,481,70,2.0202e-05,0,0,,"{""account"": 0.0, ""billing"": 0.0, ""other"": 0.97, ""sales"": 0.0, ""technical"": 0.03}"
jev (typesafe),typesafe,True,support_routing,routing_014,1,urgency,noul,yes,yes,True,0.94,0.94,True,653.7209569942206,481,70,2.0202e-05,0,0,,"{""no"": 0.06000000000000005, ""yes"": 0.94}"
jev (typesafe),typesafe,True,support_routing,routing_014,2,department,choice,other,other,True,0.97,0.97,True,714.845557929948,481,70,2.0202e-05,0,0,,"{""account"": 0.0, ""billing"": 0.0, ""other"": 0.97, ""sales"": 0.0, ""technical"": 0.03}"
jev (typesafe),typesafe,True,support_routing,routing_014,2,urgency,noul,yes,yes,True,0.94,0.94,True,714.845557929948,481,70,2.0202e-05,0,0,,"{""no"": 0.06000000000000005, ""yes"": 0.94}"
